## Created with gatsby-plugin-netlify

/founderliability/  /blog/understanding-founder-liability/  301
/getrewards  /offers.pdf  301
/offers  /offers.pdf  301
/admin-onboarding-guide  /admin-onboarding-guide.pdf  301
/cardholder-onboarding-guide  /cardholder-onboarding-guide.pdf  301
/nonprofits  /lp/nonprofits  301
/getstarted  /getstarted.pdf  301
/jobs  /careers  301
/shoptalk  /ecommerce?ref_code=shoptalk&  301
/transparent  /lp/ecommerce-form?ref_code=ecom_mailer_may&  301
/imagine2019  /ecommerce?ref_code=imagine2019&  301
/subsummit2019  /ecommerce?ref_code=subsummit2019&  301
/engage2019  /startups?ref_code=engage2019&  301
/xerocon2019  /startups?ref_code=xerocon2019&  301
/shopifyunite2019  /ecommerce?ref_code=shopifyunite2019&  301
/coupa2019  /startups?ref_code=coupa2019&  301
/irce2019  /ecommerce?ref_code=irce2019&  301
/foundermade2019  /ecommerce/?ref_code=foundermade2019&  301
/fyreterms  /  301
/lifesciences  /industry/life-sciences/  301
/life-sciences  /industry/life-sciences/  301
/industry/lifesciences  /industry/life-sciences/  301
/rdv  roughdraft  301
/magento2019  /ecommerce?ref_code=magento2019&  301
/magento  /ecommerce?ref_code=magento2019&  301
/midwestecom2019  /ecommerce?ref_code=midwestecom2019&  301
/techdayla2019  /startups?ref_code=techdayla2019&  301
/saasterscale2019  /startups?ref_code=saasterscale2019&  301
/resi2019  /industry/life-sciences?ref_code=resi2019&  301
/blog/page/1/  /blog/  301
/tca  /  301
/accelerator  /  301
/fees  /pricing  301
/testbig1  /  301
/foundermadela2019  /ecommerce?ref_code=foundermadela2019&  301
/hawkfest2019  /ecommerce?ref_code=hawkfest2019&  301
/accountex2019  /startups?ref_code=accountex2019&  301
/saastockwest2019  /startups?ref_code=saastockwest2019&  301
/ascent2019  /startups?ref_code=ascent2019&  301
/tcdisrupt2019  /startups?ref_code=tcdisrupt2019&  301
/qbconnect2019  /integrations/quickbooks?ref_code=qbconnect2019&  301
/saastrscale2019  /startups?ref_code=saastrscale2019&  301
/amzinnovate2019  /ecommerce?ref_code=amzinnovate2019&  301
/suiteconnect2019  /product/corporate-card?ref_code=suiteconnect2019&  301
/testimonials/soludos/  /customers/soludos/  301
/testimonials/amourvert/  /customers/amourvert/  301
/testimonials/perfectketo/  /customers/perfectketo/  301
/testimonials/billiontoone/  /customers/billiontoone/  301
/testimonials/miroculus/  /customers/miroculus/  301
/testimonials/spiraltx/  /customers/spiraltx/  301
/lerer  /lererhippeau  301
/mds  /  301
/thepointsguy  /  301
/ovalroom-earlyaccess  /  301
/ovalroom-vip  /  301
/ecommbash2019  /ecommerce?ref_code=ecommbash2019&  301
/netsuite  /integrations/netsuite  301
/expensify  /integrations/expensify  301
/quickbooks  /integrations/quickbooks  301
/oracleworld2019  /product/corporate-card/?ref_code=oracleworld2019&  301
/recur2019  /ecommerce?ref_code=recur2019&  301
/thefoundry  /brexintheblack/  301
/bigcommpartner2019  /ecommerce?ref_code=bigcommpartner2019&  301
/ycw20  /  301
/sbbceo2020  /industry/life-sciences?ref_code=sbbceo2020&  301
/learn/glossary  /learn/glossary/a/  301
/holiday2019  /?ref_code=holiday2019&  301
/sslopes2020  /startups/?ref_code=sslopes2020  301
/saastr2020  /startups/?ref_code=saastr2020  301
/shoptalk2020  /ecommerce/?ref_code=shoptalk2020  301
/enterprise  /product/corporate-card  301
/cash  /product/business-cash-account  301
/legal/jetblue_contest/  /legal/  301
/tech  /startups/?ref_code=dm_startup  301
/ecom  /ecommerce/?ref_code=dm_ecom  301
/sci  /industry/life-sciences?ref_code=dm_lifesci  301
/capterra  /partners/capterra  301
/cendana  /partners/cendana  301
/clerky  /partners/clerky  301
/clsa  /partners/clsa  301
/coupa  /partners/coupa  301
/gorgias  /partners/gorgias  301
/hubspot  /partners/hubspot  301
/inxeption  /partners/inxeption  301
/newzealand  /partners/newzealand  301
/nvca  /partners/nvca  301
/orrick  /partners/orrick  301
/payoneer  /partners/payoneer  301
/trinet  /partners/trinet  301
/wwd  /partners/wwd  301
/xero  /partners/xero  301
/yc  /partners/yc  301
/aws  /partners/aws  301
/netsuite_suiteapp  /partners/netsuite_suiteapp  301
/partners/agency  /directories/agency/  301
/partners/accounting  /directories/accounting/  301
/sosvclerky/  /partners/sosvclerky/  301
/casharentfox/  /partners/casharentfox/  301
/cashwsgr/  /partners/cashwsgr/  301
/evonexus/  /partners/evonexus/  301
/ycw20clerky/  /partners/ycw20clerky/  301
/yc-cash/  /partners/yc-cash/  301
/cash-500/  /partners/cash-500/  301
/cashfridman/  /partners/cashfridman/  301
/mdspowdermountain/  /partners/mdspowdermountain/  301
/bowenpartners/  /partners/bowenpartners/  301
/geekout/  /partners/geekout/  301
/vptax/  /partners/vptax/  301
/accointax/  /partners/accointax/  301
/1800battery/  /partners/1800battery/  301
/exbogroup/  /partners/exbogroup/  301
/pitchmadness/  /partners/pitchmadness/  301
/lablaunch/  /partners/lablaunch/  301
/ecflive2020/  /partners/ecflive2020/  301
/innovationdept/  /partners/innovationdept/  301
/bgecoalition/  /partners/bgecoalition/  301
/bgebrandguild/  /partners/bgebrandguild/  301
/ekwaniconsulting/  /partners/ekwaniconsulting/  301
/halfhelix/  /partners/halfhelix/  301
/reviewsio/  /partners/reviewsio/  301
/topgrowthmarketing/  /partners/topgrowthmarketing/  301
/kozulabs/  /partners/kozulabs/  301
/offtherecord/  /partners/offtherecord/  301
/walnutstconsulting/  /partners/walnutstconsulting/  301
/boastcapital/  /partners/boastcapital/  301
/moxxie/  /partners/moxxie/  301
/sshappyhour/  /partners/sshappyhour/  301
/tengram/  /partners/tengram/  301
/drapernetwork/  /partners/drapernetwork/  301
/stratos/  /partners/stratos/  301
/ibm/  /partners/ibm/  301
/ecommerceday/  /partners/ecommerceday/  301
/stackbit/  /partners/stackbit/  301
/gmi/  /partners/gmi/  301
/breadloaf/  /partners/breadloaf/  301
/splitbase/  /partners/splitbase/  301
/matchnode/  /partners/matchnode/  301
/wti/  /partners/wti/  301
/vcpartners/  /partners/vcpartners/  301
/jumpermedia/  /partners/jumpermedia/  301
/mhub/  /partners/mhub/  301
/storetasker/  /partners/storetasker/  301
/refreshmiami/  /partners/refreshmiami/  301
/theventurecity/  /partners/theventurecity/  301
/ecomdayla/  /partners/ecomdayla/  301
/braintrust/  /partners/braintrust/  301
/asgtg2020/  /partners/asgtg2020/  301
/500app/  /partners/500app/  301
/bioceo/  /partners/bioceo/  301
/genwise/  /partners/genwise/  301
/community/  /partners/community/  301
/yotpo/  /partners/yotpo/  301
/ascenial/  /partners/ascenial/  301
/conversmart/  /partners/conversmart/  301
/quanmediagroup/  /partners/quanmediagroup/  301
/justinmares/  /partners/justinmares/  301
/claudewasserstein/  /partners/claudewasserstein/  301
/ventureuniversity/  /partners/ventureuniversity/  301
/explosivebranding/  /partners/explosivebranding/  301
/fuelmade/  /partners/fuelmade/  301
/sunriseintegration/  /partners/sunriseintegration/  301
/abovethefray/  /partners/abovethefray/  301
/coalitiontechnologies/  /partners/coalitiontechnologies/  301
/bioassociations/  /partners/bioassociations/  301
/technexus/  /partners/technexus/  301
/wallaroomedia/  /partners/wallaroomedia/  301
/startups100k/  /partners/startups100k/  301
/aaroncordovez/  /partners/aaroncordovez/  301
/formatagency/  /partners/formatagency/  301
/tangible/  /partners/tangible/  301
/chelseaandrachel/  /partners/chelseaandrachel/  301
/tmcinnovation/  /partners/tmcinnovation/  301
/origin/  /partners/origin/  301
/math/  /partners/math/  301
/bluenorth/  /partners/bluenorth/  301
/seeed/  /partners/seeed/  301
/talkable/  /partners/talkable/  301
/blayzer/  /partners/blayzer/  301
/nimbl/  /partners/nimbl/  301
/mitdeltav/  /partners/mitdeltav/  301
/hydeparkangels/  /partners/hydeparkangels/  301
/bcgdv/  /partners/bcgdv/  301
/silverton/  /partners/silverton/  301
/startupignition/  /partners/startupignition/  301
/gbeta/  /partners/gbeta/  301
/dolik/  /partners/dolik/  301
/baita/  /partners/baita/  301
/exponential/  /partners/exponential/  301
/colab/  /partners/colab/  301
/mdsholiday/  /partners/mdsholiday/  301
/harvardfounders/  /partners/harvardfounders/  301
/growthmachine/  /partners/growthmachine/  301
/startups50k/  /partners/startups50k/  301
/earlygrowth/  /partners/earlygrowth/  301
/typeform/  /partners/typeform/  301
/sultan/  /partners/sultan/  301
/foundry/  /partners/foundry/  301
/palmbeachtech/  /partners/palmbeachtech/  301
/1909/  /partners/1909/  301
/digitlhaus/  /partners/digitlhaus/  301
/brandlabs/  /partners/brandlabs/  301
/engine-ls/  /partners/engine-ls/  301
/kickstart/  /partners/kickstart/  301
/cff/  /partners/cff/  301
/gratus/  /partners/gratus/  301
/hfn/  /partners/hfn/  301
/demandcurve/  /partners/demandcurve/  301
/demandcurveecom/  /partners/demandcurveecom/  301
/nerdwallet/  /partners/nerdwallet/  301
/alleycorp/  /partners/alleycorp/  301
/wavemaker/  /partners/wavemaker/  301
/ftw/  /partners/ftw/  301
/roseryan/  /partners/roseryan/  301
/accountfully/  /partners/accountfully/  301
/prolific/  /partners/prolific/  301
/unionkitchen/  /partners/unionkitchen/  301
/benjen/  /partners/benjen/  301
/capitalinnovators/  /partners/capitalinnovators/  301
/mila/  /partners/mila/  301
/convyr/  /partners/convyr/  301
/brandery/  /partners/brandery/  301
/205capital/  /partners/205capital/  301
/cela/  /partners/cela/  301
/tinyseed/  /partners/tinyseed/  301
/wireframe/  /partners/wireframe/  301
/attivo/  /partners/attivo/  301
/avlgrowth/  /partners/avlgrowth/  301
/sogal/  /partners/sogal/  301
/absoluteweb/  /partners/absoluteweb/  301
/route/  /partners/route/  301
/dreamforce/  /partners/dreamforce/  301
/driveninsights/  /partners/driveninsights/  301
/westgrowth/  /partners/westgrowth/  301
/bros/  /partners/bros/  301
/startupbros/  /partners/startupbros/  301
/hivemind/  /partners/hivemind/  301
/investable/  /partners/investable/  301
/ondeck/  /partners/ondeck/  301
/metacake/  /partners/metacake/  301
/fullyaccountable/  /partners/fullyaccountable/  301
/ellis/  /partners/ellis/  301
/seneca/  /partners/seneca/  301
/monday/  /partners/monday/  301
/foundersuite/  /partners/foundersuite/  301
/calculate/  /partners/calculate/  301
/backbone/  /partners/backbone/  301
/madera/  /partners/madera/  301
/beancounter4hire/  /partners/beancounter4hire/  301
/graphitefinancial/  /partners/graphitefinancial/  301
/kpisense/  /partners/kpisense/  301
/lendflow/  /partners/lendflow/  301
/epicbio/  /partners/epicbio/  301
/invisionate/  /partners/invisionate/  301
/reformation/  /partners/reformation/  301
/growthink/  /partners/growthink/  301
/umana/  /partners/umana/  301
/teleport/  /partners/teleport/  301
/mutesix/  /partners/mutesix/  301
/cfoshare/  /partners/cfoshare/  301
/seapoint/  /partners/seapoint/  301
/techfinancecfo/  /partners/techfinancecfo/  301
/leftlanecap/  /partners/leftlanecap/  301
/zeni/  /partners/zeni/  301
/gardnerandcapparelli/  /partners/gardnerandcapparelli/  301
/gambit/  /partners/gambit/  301
/gpfundsolutions/  /partners/gpfundsolutions/  301
/davidghiyam/  /partners/davidghiyam/  301
/equalhappyhour/  /partners/equalhappyhour/  301
/connectbooks/  /partners/connectbooks/  301
/moonshots/  /partners/moonshots/  301
/twist/  /partners/twist/  301
/ikonifi/  /partners/ikonifi/  301
/bio/  /partners/bio/  301
/jetblueventures/  /partners/jetblueventures/  301
/funderaecommerce/  /partners/funderaecommerce/  301
/funderastartups/  /partners/funderastartups/  301
/gradient/  /partners/gradient/  301
/hive/  /partners/hive/  301
/thirdprime/  /partners/thirdprime/  301
/correlation/  /partners/correlation/  301
/fall19dinner/  /partners/fall19dinner/  301
/lvlupventures/  /partners/lvlupventures/  301
/ripple/  /partners/ripple/  301
/iosummit/  /partners/iosummit/  301
/firstbase/  /partners/firstbase/  301
/explosive/  /partners/explosive/  301
/ledgergurus/  /partners/ledgergurus/  301
/labcentral/  /partners/labcentral/  301
/biotechshowcase/  /partners/biotechshowcase/  301
/gem/  /partners/gem/  301
/bnt/  /partners/bnt/  301
/pilot/  /partners/pilot/  301
/foodlabs/  /partners/foodlabs/  301
/avestria/  /partners/avestria/  301
/amity/  /partners/amity/  301
/kruze/  /partners/kruze/  301
/agencywithin/  /partners/agencywithin/  301
/ykc/  /partners/ykc/  301
/lightbank/  /partners/lightbank/  301
/cartelsmastermind/  /partners/cartelsmastermind/  301
/torch/  /partners/torch/  301
/mitsloan/  /partners/mitsloan/  301
/elemental/  /partners/elemental/  301
/junglebooks/  /partners/junglebooks/  301
/brandassemblyla/  /partners/brandassemblyla/  301
/kiln/  /partners/kiln/  301
/geekwire/  /partners/geekwire/  301
/entre/  /partners/entre/  301
/awsactivate/  /partners/awsactivate/  301
/cofound/  /partners/cofound/  301
/armory/  /partners/armory/  301
/foundersden/  /partners/foundersden/  301
/notation/  /partners/notation/  301
/bowen/  /partners/bowen/  301
/axeliapartners/  /partners/axeliapartners/  301
/workbench/  /partners/workbench/  301
/engine/  /partners/engine/  301
/baypay/  /partners/baypay/  301
/svyp/  /partners/svyp/  301
/vida/  /partners/vida/  301
/bellco/  /partners/bellco/  301
/legalinabox/  /partners/legalinabox/  301
/greaterco/  /partners/greaterco/  301
/kokopelli/  /partners/kokopelli/  301
/ziggcap/  /partners/ziggcap/  301
/weorka/  /partners/weorka/  301
/kettlespace/  /partners/kettlespace/  301
/kranzfallspecial/  /partners/kranzfallspecial/  301
/propelify/  /partners/propelify/  301
/nex3/  /partners/nex3/  301
/basis365/  /partners/basis365/  301
/forter/  /partners/forter/  301
/age1/  /partners/age1/  301
/foundational/  /partners/foundational/  301
/vegpreneur/  /partners/vegpreneur/  301
/tectonic/  /partners/tectonic/  301
/resolute/  /partners/resolute/  301
/mdscostarica/  /partners/mdscostarica/  301
/humansummit/  /partners/humansummit/  301
/burkland/  /partners/burkland/  301
/travelbankapp/  /partners/travelbankapp/  301
/hawkefest/  /partners/hawkefest/  301
/ampush/  /partners/ampush/  301
/aniq/  /partners/aniq/  301
/springmountain/  /partners/springmountain/  301
/trailmix/  /partners/trailmix/  301
/maveron/  /partners/maveron/  301
/springdale/  /partners/springdale/  301
/upfront/  /partners/upfront/  301
/rlf/  /partners/rlf/  301
/brex26435/  /partners/brex26435/  301
/atomicvc/  /partners/atomicvc/  301
/newarkvp/  /partners/newarkvp/  301
/fordhamfoundry/  /partners/fordhamfoundry/  301
/sfbw/  /partners/sfbw/  301
/scalevp/  /partners/scalevp/  301
/sofarsounds/  /partners/sofarsounds/  301
/fika/  /partners/fika/  301
/bedrockcapital/  /partners/bedrockcapital/  301
/longevity/  /partners/longevity/  301
/draperuniversity/  /partners/draperuniversity/  301
/nextplaycapital/  /partners/nextplaycapital/  301
/nevca/  /partners/nevca/  301
/fallfundraisingdays/  /partners/fallfundraisingdays/  301
/fureyfs/  /partners/fureyfs/  301
/equal/  /partners/equal/  301
/cfosquared/  /partners/cfosquared/  301
/aircall/  /partners/aircall/  301
/futurelabs/  /partners/futurelabs/  301
/almaworks/  /partners/almaworks/  301
/connect/  /partners/connect/  301
/nyftlab/  /partners/nyftlab/  301
/bowery/  /partners/bowery/  301
/ffa/  /partners/ffa/  301
/connectionsv/  /partners/connectionsv/  301
/incubate/  /partners/incubate/  301
/startupweek/  /partners/startupweek/  301
/industrialcouncil/  /partners/industrialcouncil/  301
/icon/  /partners/icon/  301
/primarysummit/  /partners/primarysummit/  301
/dentons/  /partners/dentons/  301
/eastwestreferrals/  /partners/eastwestreferrals/  301
/marsbio/  /partners/marsbio/  301
/abettermousetrap/  /partners/abettermousetrap/  301
/strtupboost/  /partners/strtupboost/  301
/laventure/  /partners/laventure/  301
/mothershiplab/  /partners/mothershiplab/  301
/sd/  /partners/sd/  301
/tanalytics/  /partners/tanalytics/  301
/gorgias/  /partners/gorgias/  301
/tenoneten/  /partners/tenoneten/  301
/plexo/  /partners/plexo/  301
/palmdrive/  /partners/palmdrive/  301
/embercompany/  /partners/embercompany/  301
/alison/  /partners/alison/  301
/kpmgspark/  /partners/kpmgspark/  301
/boston/  /partners/boston/  301
/nemedio/  /partners/nemedio/  301
/sa&m/  /partners/sa&m/  301
/tuskventures/  /partners/tuskventures/  301
/startuphealth/  /partners/startuphealth/  301
/weworklabs/  /partners/weworklabs/  301
/virallaunch/  /partners/virallaunch/  301
/smartificial/  /partners/smartificial/  301
/abstract/  /partners/abstract/  301
/villageglobal/  /partners/villageglobal/  301
/mubadala/  /partners/mubadala/  301
/closeriq/  /partners/closeriq/  301
/markcubancompanies/  /partners/markcubancompanies/  301
/supermeetup/  /partners/supermeetup/  301
/dcodealumni/  /partners/dcodealumni/  301
/urbanx/  /partners/urbanx/  301
/groundup/  /partners/groundup/  301
/sealane/  /partners/sealane/  301
/stripesgroup/  /partners/stripesgroup/  301
/unilever/  /partners/unilever/  301
/convictional/  /partners/convictional/  301
/bdmifund/  /partners/bdmifund/  301
/25madison/  /partners/25madison/  301
/g9/  /partners/g9/  301
/goahead/  /partners/goahead/  301
/nebari/  /partners/nebari/  301
/partnershipfundnyc/  /partners/partnershipfundnyc/  301
/leadout/  /partners/leadout/  301
/eventures/  /partners/eventures/  301
/vmg/  /partners/vmg/  301
/thecannon/  /partners/thecannon/  301
/matterhealth/  /partners/matterhealth/  301
/ignition/  /partners/ignition/  301
/carta/  /partners/carta/  301
/twit/  /partners/twit/  301
/pjc/  /partners/pjc/  301
/mbsata/  /partners/mbsata/  301
/solium/  /partners/solium/  301
/azran/  /partners/azran/  301
/inventus/  /partners/inventus/  301
/litwin/  /partners/litwin/  301
/bluerun/  /partners/bluerun/  301
/anthemis/  /partners/anthemis/  301
/blocknation/  /partners/blocknation/  301
/digitalis/  /partners/digitalis/  301
/ctip/  /partners/ctip/  301
/magento/  /partners/magento/  301
/ucsd/  /partners/ucsd/  301
/mongodb/  /partners/mongodb/  301
/magnify/  /partners/magnify/  301
/dlapiper/  /partners/dlapiper/  301
/skubana/  /partners/skubana/  301
/scopvc/  /partners/scopvc/  301
/allianceofangels/  /partners/allianceofangels/  301
/sdee/  /partners/sdee/  301
/galvanize/  /partners/galvanize/  301
/create33/  /partners/create33/  301
/theventurelane/  /partners/theventurelane/  301
/interplayconcierge/  /partners/interplayconcierge/  301
/clearsale/  /partners/clearsale/  301
/extracrunch/  /partners/extracrunch/  301
/ffvcportfolio/  /partners/ffvcportfolio/  301
/skydeck/  /partners/skydeck/  301
/m13/  /partners/m13/  301
/pluscapital/  /partners/pluscapital/  301
/mach37/  /partners/mach37/  301
/next10ventures/  /partners/next10ventures/  301
/austinstartupweek/  /partners/austinstartupweek/  301
/kiwitech/  /partners/kiwitech/  301
/revel/  /partners/revel/  301
/bixel/  /partners/bixel/  301
/interplay/  /partners/interplay/  301
/stackendsolutions/  /partners/stackendsolutions/  301
/m25/  /partners/m25/  301
/jumpstart/  /partners/jumpstart/  301
/escalon/  /partners/escalon/  301
/convertcart/  /partners/convertcart/  301
/acapital/  /partners/acapital/  301
/eo/  /partners/eo/  301
/sellersnap/  /partners/sellersnap/  301
/ipxps/  /partners/ipxps/  301
/branch/  /partners/branch/  301
/sinaivc/  /partners/sinaivc/  301
/clora/  /partners/clora/  301
/newfund/  /partners/newfund/  301
/benchstartups/  /partners/benchstartups/  301
/dcode/  /partners/dcode/  301
/plgventures/  /partners/plgventures/  301
/redcrow/  /partners/redcrow/  301
/beta/  /partners/beta/  301
/amzinnovate/  /partners/amzinnovate/  301
/easypost/  /partners/easypost/  301
/springboard/  /partners/springboard/  301
/quartzy/  /partners/quartzy/  301
/loupventures/  /partners/loupventures/  301
/shiphero/  /partners/shiphero/  301
/newstackvc/  /partners/newstackvc/  301
/klaviyo/  /partners/klaviyo/  301
/intercom/  /partners/intercom/  301
/brandalchemy/  /partners/brandalchemy/  301
/pillar/  /partners/pillar/  301
/supernodehh/  /partners/supernodehh/  301
/logicalposition/  /partners/logicalposition/  301
/newyork/  /partners/newyork/  301
/startupbootcamp/  /partners/startupbootcamp/  301
/fi/  /partners/fi/  301
/saastockwest/  /partners/saastockwest/  301
/upflex/  /partners/upflex/  301
/launchbio/  /partners/launchbio/  301
/millipore/  /partners/millipore/  301
/jlabs/  /partners/jlabs/  301
/bunkerlabs/  /partners/bunkerlabs/  301
/energyfoundry/  /partners/energyfoundry/  301
/sellercentralhelp/  /partners/sellercentralhelp/  301
/clarityeconomics/  /partners/clarityeconomics/  301
/founderfest/  /partners/founderfest/  301
/mctexas/  /partners/mctexas/  301
/malomo/  /partners/malomo/  301
/noticed/  /partners/noticed/  301
/brightpearl/  /partners/brightpearl/  301
/npdigital/  /partners/npdigital/  301
/pgafund/  /partners/pgafund/  301
/mountsinai/  /partners/mountsinai/  301
/tribecap/  /partners/tribecap/  301
/serraventures/  /partners/serraventures/  301
/soundventures/  /partners/soundventures/  301
/catapult/  /partners/catapult/  301
/alexandria/  /partners/alexandria/  301
/tearsheetstartup/  /partners/tearsheetstartup/  301
/tearsheet/  /partners/tearsheet/  301
/upwardexits/  /partners/upwardexits/  301
/rumbleship/  /partners/rumbleship/  301
/pasadenabio/  /partners/pasadenabio/  301
/finepointconsulting/  /partners/finepointconsulting/  301
/mystartupcfo/  /partners/mystartupcfo/  301
/cuboulder/  /partners/cuboulder/  301
/roughdraft/  /partners/roughdraft/  301
/upwest/  /partners/upwest/  301
/bookkeep/  /partners/bookkeep/  301
/metricdigital/  /partners/metricdigital/  301
/1517fund/  /partners/1517fund/  301
/nfx/  /partners/nfx/  301
/eisneramper/  /partners/eisneramper/  301
/arka/  /partners/arka/  301
/aurarise/  /partners/aurarise/  301
/bitangels/  /partners/bitangels/  301
/germin8/  /partners/germin8/  301
/collider/  /partners/collider/  301
/startupboost/  /partners/startupboost/  301
/omnisync/  /partners/omnisync/  301
/fintechconnector/  /partners/fintechconnector/  301
/bhc/  /partners/bhc/  301
/thegood/  /partners/thegood/  301
/socotax/  /partners/socotax/  301
/advisorsforchange/  /partners/advisorsforchange/  301
/signalfire/  /partners/signalfire/  301
/streamlined/  /partners/streamlined/  301
/biddyco/  /partners/biddyco/  301
/gfc/  /partners/gfc/  301
/era/  /partners/era/  301
/thebrink/  /partners/thebrink/  301
/nextgen/  /partners/nextgen/  301
/impactventures/  /partners/impactventures/  301
/niksharma/  /partners/niksharma/  301
/formationfinancial/  /partners/formationfinancial/  301
/etailwest/  /partners/etailwest/  301
/hearst/  /partners/hearst/  301
/bookskeep/  /partners/bookskeep/  301
/fathomcap/  /partners/fathomcap/  301
/station/  /partners/station/  301
/plug/  /partners/plug/  301
/amazon/  /partners/amazon/  301
/shogun/  /partners/shogun/  301
/UCS/  /partners/UCS/  301
/venturecafestl/  /partners/venturecafestl/  301
/bluestartups/  /partners/bluestartups/  301
/capitalfactory/  /partners/capitalfactory/  301
/marlaccelerator/  /partners/marlaccelerator/  301
/unpitch/  /partners/unpitch/  301
/gec/  /partners/gec/  301
/enrichher/  /partners/enrichher/  301
/playbookmedia/  /partners/playbookmedia/  301
/upsellit/  /partners/upsellit/  301
/ecatalogservices/  /partners/ecatalogservices/  301
/nextleft/  /partners/nextleft/  301
/oldnorthcollective/  /partners/oldnorthcollective/  301
/bonfire/  /partners/bonfire/  301
/sandalphon-capital/  /partners/sandalphon-capital/  301
/constellation/  /partners/constellation/  301
/gan/  /partners/gan/  301
/quake/  /partners/quake/  301
/gsvlabs/  /partners/gsvlabs/  301
/workbar/  /partners/workbar/  301
/dreamit/  /partners/dreamit/  301
/kccollective/  /partners/kccollective/  301
/atlantatech/  /partners/atlantatech/  301
/coplex/  /partners/coplex/  301
/foodfoundry/  /partners/foodfoundry/  301
/startupcollaborative/  /partners/startupcollaborative/  301
/engage/  /partners/engage/  301
/xrclabs/  /partners/xrclabs/  301
/sosv/  /partners/sosv/  301
/stacklist/  /partners/stacklist/  301
/acceleprise/  /partners/acceleprise/  301
/newlab/  /partners/newlab/  301
/mc/  /partners/mc/  301
/rippling/  /partners/rippling/  301
/wfn/  /partners/wfn/  301
/1871/  /partners/1871/  301
/happilabs/  /partners/happilabs/  301
/ecommercefuel/  /partners/ecommercefuel/  301
/nomad/  /partners/nomad/  301
/rosecliff/  /partners/rosecliff/  301
/oriza/  /partners/oriza/  301
/cmu/  /partners/cmu/  301
/innospark/  /partners/innospark/  301
/klickly/  /partners/klickly/  301
/onlinegeniuses/  /partners/onlinegeniuses/  301
/makeoffices/  /partners/makeoffices/  301
/irishangels/  /partners/irishangels/  301
/mstech/  /partners/mstech/  301
/technori/  /partners/technori/  301
/ninefour/  /partners/ninefour/  301
/drw/  /partners/drw/  301
/chicagoventures/  /partners/chicagoventures/  301
/clyde/  /partners/clyde/  301
/bigcommerce/  /partners/bigcommerce/  301
/acrosslegal/  /partners/acrosslegal/  301
/ideocolab/  /partners/ideocolab/  301
/saffron/  /partners/saffron/  301
/sofinnova/  /partners/sofinnova/  301
/bench/  /partners/bench/  301
/bookkeeper360/  /partners/bookkeeper360/  301
/techcrunch/  /partners/techcrunch/  301
/showfields/  /partners/showfields/  301
/scrum/  /partners/scrum/  301
/foundersembassy/  /partners/foundersembassy/  301
/privy/  /partners/privy/  301
/learnlaunch/  /partners/learnlaunch/  301
/launchcat/  /partners/launchcat/  301
/halogen/  /partners/halogen/  301
/octaneai/  /partners/octaneai/  301
/segment/  /partners/segment/  301
/maxventures/  /partners/maxventures/  301
/unioncrate/  /partners/unioncrate/  301
/ffvc/  /partners/ffvc/  301
/freshworks/  /partners/freshworks/  301
/bmoharrisbank/  /partners/bmoharrisbank/  301
/venturesouth/  /partners/venturesouth/  301
/antler/  /partners/antler/  301
/biolabs/  /partners/biolabs/  301
/sparkxyz/  /partners/sparkxyz/  301
/onepiece/  /partners/onepiece/  301
/rre/  /partners/rre/  301
/aircfo/  /partners/aircfo/  301
/gener8tor/  /partners/gener8tor/  301
/toolboxla/  /partners/toolboxla/  301
/sapio/  /partners/sapio/  301
/higherground/  /partners/higherground/  301
/fintechweek/  /partners/fintechweek/  301
/plastiq/  /partners/plastiq/  301
/neilspangler/  /partners/neilspangler/  301
/milliondollarsellers/  /partners/milliondollarsellers/  301
/underscore/  /partners/underscore/  301
/integratedfinances/  /partners/integratedfinances/  301
/obvious/  /partners/obvious/  301
/matax/  /partners/matax/  301
/efsgroupecomm/  /partners/efsgroupecomm/  301
/efsgroupstartup/  /partners/efsgroupstartup/  301
/apriocloud/  /partners/apriocloud/  301
/leanstartupcircle/  /partners/leanstartupcircle/  301
/bvlabs/  /partners/bvlabs/  301
/bostinno/  /partners/bostinno/  301
/dcufintech/  /partners/dcufintech/  301
/grid110/  /partners/grid110/  301
/republic/  /partners/republic/  301
/sdbn/  /partners/sdbn/  301
/scienceexchange/  /partners/scienceexchange/  301
/clsamembers/  /partners/clsamembers/  301
/xerocon/  /partners/xerocon/  301
/medtech/  /partners/medtech/  301
/lumenadvisoryfinance/  /partners/lumenadvisoryfinance/  301
/neilpatel/  /partners/neilpatel/  301
/officengine/  /partners/officengine/  301
/salestaxandmore/  /partners/salestaxandmore/  301
/launchcpa/  /partners/launchcpa/  301
/greycroft/  /partners/greycroft/  301
/techstars/  /partners/techstars/  301
/ycstartupschool/  /partners/ycstartupschool/  301
/withum/  /partners/withum/  301
/startupgrind/  /partners/startupgrind/  301
/techcxo/  /partners/techcxo/  301
/sellry/  /partners/sellry/  301
/pixelunion/  /partners/pixelunion/  301
/brandassembly/  /partners/brandassembly/  301
/aicpa/  /partners/aicpa/  301
/lumalaunch/  /partners/lumalaunch/  301
/atx/  /partners/atx/  301
/tinycapital/  /partners/tinycapital/  301
/startupcoil/  /partners/startupcoil/  301
/eis2019/  /partners/eis2019/  301
/fine/  /partners/fine/  301
/homebrew/  /partners/homebrew/  301
/katalyst/  /partners/katalyst/  301
/karta/  /partners/karta/  301
/chargevc/  /partners/chargevc/  301
/7wireventures/  /partners/7wireventures/  301
/fancyawesome/  /partners/fancyawesome/  301
/fishbowl/  /partners/fishbowl/  301
/commonthread/  /partners/commonthread/  301
/fanplayr/  /partners/fanplayr/  301
/iten/  /partners/iten/  301
/cic/  /partners/cic/  301
/tabletalk/  /partners/tabletalk/  301
/bge/  /partners/bge/  301
/zhenfund/  /partners/zhenfund/  301
/foundercollective/  /partners/foundercollective/  301
/unshackled/  /partners/unshackled/  301
/wonderventures/  /partners/wonderventures/  301
/wavecapital/  /partners/wavecapital/  301
/siliconvalleydc/  /partners/siliconvalleydc/  301
/susaventures/  /partners/susaventures/  301
/spidercapital/  /partners/spidercapital/  301
/uncork/  /partners/uncork/  301
/saama/  /partners/saama/  301
/pivotnorth/  /partners/pivotnorth/  301
/nextview/  /partners/nextview/  301
/mstate/  /partners/mstate/  301
/montage/  /partners/montage/  301
/mhscapital/  /partners/mhscapital/  301
/liquid2ventures/  /partners/liquid2ventures/  301
/leocapital/  /partners/leocapital/  301
/k9ventures/  /partners/k9ventures/  301
/impact/  /partners/impact/  301
/iaventures/  /partners/iaventures/  301
/golden/  /partners/golden/  301
/neoventures/  /partners/neoventures/  301
/entree/  /partners/entree/  301
/engineeringcapital/  /partners/engineeringcapital/  301
/cherubic/  /partners/cherubic/  301
/blackbird/  /partners/blackbird/  301
/background/  /partners/background/  301
/angular/  /partners/angular/  301
/acceleratorventures/  /partners/acceleratorventures/  301
/112/  /partners/112/  301
/norwest/  /partners/norwest/  301
/realco/  /partners/realco/  301
/khoslaventures/  /partners/khoslaventures/  301
/anzapartners/  /partners/anzapartners/  301
/hawkemedia/  /partners/hawkemedia/  301
/thedigitalcpaecomm/  /partners/thedigitalcpaecomm/  301
/foundersnetwork/  /partners/foundersnetwork/  301
/knotel/  /partners/knotel/  301
/multipass/  /partners/multipass/  301
/sputnikatx/  /partners/sputnikatx/  301
/zynergybooks/  /partners/zynergybooks/  301
/backstage/  /partners/backstage/  301
/venturecafe/  /partners/venturecafe/  301
/thedigitalcpastartup/  /partners/thedigitalcpastartup/  301
/schgroup/  /partners/schgroup/  301
/indinero/  /partners/indinero/  301
/collaborative/  /partners/collaborative/  301
/archgrants/  /partners/archgrants/  301
/mechanism/  /partners/mechanism/  301
/legalzoom/  /partners/legalzoom/  301
/shipmonk/  /partners/shipmonk/  301
/compoundvc/  /partners/compoundvc/  301
/slow/  /partners/slow/  301
/mit100k/  /partners/mit100k/  301
/shippo/  /partners/shippo/  301
/laci/  /partners/laci/  301
/idealab/  /partners/idealab/  301
/stitchlabs/  /partners/stitchlabs/  301
/museminded/  /partners/museminded/  301
/kranz/  /partners/kranz/  301
/fusioncpa/  /partners/fusioncpa/  301
/wondervc/  /partners/wondervc/  301
/districthall/  /partners/districthall/  301
/guideline/  /partners/guideline/  301
/rootventures/  /partners/rootventures/  301
/mdws/  /partners/mdws/  301
/producthunt/  /partners/producthunt/  301
/westwave/  /partners/westwave/  301
/kongbasile/  /partners/kongbasile/  301
/ecommercetech/  /partners/ecommercetech/  301
/ardius/  /partners/ardius/  301
/providence/  /partners/providence/  301
/propeller/  /partners/propeller/  301
/numa/  /partners/numa/  301
/circleup/  /partners/circleup/  301
/tcg/  /partners/tcg/  301
/jmd/  /partners/jmd/  301
/holt/  /partners/holt/  301
/startupscpa/  /partners/startupscpa/  301
/botkeeper/  /partners/botkeeper/  301
/xoogler/  /partners/xoogler/  301
/fundedbuy/  /partners/fundedbuy/  301
/tcm/  /partners/tcm/  301
/boltio/  /partners/boltio/  301
/aforevc/  /partners/aforevc/  301
/abstractops/  /partners/abstractops/  301
/alphasquare/  /partners/alphasquare/  301
/lightspeed/  /partners/lightspeed/  301
/cbiz/  /partners/cbiz/  301
/countsy/  /partners/countsy/  301
/simplexity/  /partners/simplexity/  301
/voyagerhq/  /partners/voyagerhq/  301
/georgian/  /partners/georgian/  301
/qventurepartners/  /partners/qventurepartners/  301
/nvcamembers/  /partners/nvcamembers/  301
/samsungnext/  /partners/samsungnext/  301
/yodlee/  /partners/yodlee/  301
/newzealand/  /partners/newzealand/  301
/neotribe/  /partners/neotribe/  301
/philtoronto/  /partners/philtoronto/  301
/tisummit2019/  /partners/tisummit2019/  301
/hanaco/  /partners/hanaco/  301
/sequoiacapital/  /partners/sequoiacapital/  301
/gcg/  /partners/gcg/  301
/entangled/  /partners/entangled/  301
/docsend/  /partners/docsend/  301
/seethru/  /partners/seethru/  301
/dst/  /partners/dst/  301
/firstround/  /partners/firstround/  301
/usv/  /partners/usv/  301
/ivp/  /partners/ivp/  301
/foundersfund/  /partners/foundersfund/  301
/greylock/  /partners/greylock/  301
/tigerglobal/  /partners/tigerglobal/  301
/benchmark/  /partners/benchmark/  301
/keating/  /partners/keating/  301
/fullstackfinance/  /partners/fullstackfinance/  301
/moving/  /partners/moving/  301
/lererhippeau/  /partners/lererhippeau/  301
/drugpatentwatch/  /partners/drugpatentwatch/  301
/corporatebro/  /partners/corporatebro/  301
/a16z/  /partners/a16z/  301
/generalcatalyst/  /partners/generalcatalyst/  301
/indexventures/  /partners/indexventures/  301
/bvp/  /partners/bvp/  301
/ldvcapital/  /partners/ldvcapital/  301
/accelpartners/  /partners/accelpartners/  301
/nea/  /partners/nea/  301
/preseriesaoffsite/  /partners/preseriesaoffsite/  301
/drf/  /partners/drf/  301
/launch/  /partners/launch/  301
/sparkcapital/  /partners/sparkcapital/  301
/brooklynvc/  /partners/brooklynvc/  301
/whiteboardvp/  /partners/whiteboardvp/  301
/thefund/  /partners/thefund/  301
/southpark/  /partners/southpark/  301
/crv/  /partners/crv/  301
/caffeinated/  /partners/caffeinated/  301
/empire/  /partners/empire/  301
/catchingclouds/  /partners/catchingclouds/  301
/cohnlg/  /partners/cohnlg/  301
/ecomcpa/  /partners/ecomcpa/  301
/founderscpa/  /partners/founderscpa/  301
/fjlabs/  /partners/fjlabs/  301
/woodside/  /partners/woodside/  301
/sequoia/  /partners/sequoia/  301
/amplify/  /partners/amplify/  301
/boost/  /partners/boost/  301
/rockhealth/  /partners/rockhealth/  301
/matter/  /partners/matter/  301
/startx/  /partners/startx/  301
/cdl/  /partners/cdl/  301
/kairos/  /partners/kairos/  301
/muckerlab/  /partners/muckerlab/  301
/ytechrunway/  /partners/ytechrunway/  301
/branchfood/  /partners/branchfood/  301
/500startups/  /partners/500startups/  301
/french/  /partners/french/  301
/peopletech/  /partners/peopletech/  301
/humanventures/  /partners/humanventures/  301
/shasta/  /partners/shasta/  301
/threshold/  /partners/threshold/  301
/costanoa/  /partners/costanoa/  301
/kleiner/  /partners/kleiner/  301
/mindset/  /partners/mindset/  301
/oneway/  /partners/oneway/  301
/atrium/  /partners/atrium/  301
/dcm/  /partners/dcm/  301
/manos/  /partners/manos/  301
/zentail/  /partners/zentail/  301
/leadedge/  /partners/leadedge/  301
/fitzgate/  /partners/fitzgate/  301
/expertdojo/  /partners/expertdojo/  301
/ventureout/  /partners/ventureout/  301
/evolutionmedia/  /partners/evolutionmedia/  301
/freestyle/  /partners/freestyle/  301
/eniac/  /partners/eniac/  301
/capitalG/  /partners/capitalG/  301
/aspect/  /partners/aspect/  301
/endeavor/  /partners/endeavor/  301
/company/  /partners/company/  301
/obr/  /partners/obr/  301
/ribbit/  /partners/ribbit/  301
/greenoaks/  /partners/greenoaks/  301
/forerunner/  /partners/forerunner/  301
/story/  /partners/story/  301
/chaac/  /partners/chaac/  301
/riverpark/  /partners/riverpark/  301
/menlo/  /partners/menlo/  301
/supernode/  /partners/supernode/  301
/waverley/  /partners/waverley/  301
/primary/  /partners/primary/  301
/redsea/  /partners/redsea/  301
/fifthwall/  /partners/fifthwall/  301
/primemovers/  /partners/primemovers/  301
/coatue/  /partners/coatue/  301
/alchemist/  /partners/alchemist/  301
/betaworks/  /partners/betaworks/  301
/storm/  /partners/storm/  301
/svangel/  /partners/svangel/  301
/yellow/  /partners/yellow/  301